{
    "FLOPs": 12,
    "accuracies": [
        1.0,
        1.0,
        1.0,
        1.0,
        1.0,
        1.0,
        1.0,
        1.0,
        1.0,
        1.0
    ],
    "statistics_data": {
        "TP": 2,
        "TN": 2,
        "FP": 0,
        "FN": 0,
        "Precision": 1.0,
        "Recall": 1.0,
        "F1 Score": 1.0,
        "Test Accuracy": 1.0,
        "Test Loss": 0
    },
    "train_data": {
        "epoch": {
            "0": 0.0,
            "1": 10.0,
            "2": 20.0,
            "3": 30.0,
            "4": 40.0,
            "5": 50.0,
            "6": 60.0,
            "7": 70.0,
            "8": 80.0,
            "9": 90.0,
            "10": 100.0,
            "11": 110.0,
            "12": 120.0,
            "13": 130.0,
            "14": 140.0,
            "15": 150.0,
            "16": 160.0,
            "17": 170.0,
            "18": 180.0
        },
        "iteration": {
            "0": 1.0,
            "1": 11.0,
            "2": 21.0,
            "3": 31.0,
            "4": 41.0,
            "5": 51.0,
            "6": 61.0,
            "7": 71.0,
            "8": 81.0,
            "9": 91.0,
            "10": 101.0,
            "11": 111.0,
            "12": 121.0,
            "13": 131.0,
            "14": 141.0,
            "15": 151.0,
            "16": 161.0,
            "17": 171.0,
            "18": 181.0
        },
        "train_loss": {
            "0": 31.76947784423828,
            "1": 31.475772857666016,
            "2": 30.714889526367188,
            "3": 30.367721557617188,
            "4": 29.795921325683594,
            "5": 28.793407440185547,
            "6": 27.04829216003418,
            "7": 24.78864288330078,
            "8": 21.265621185302734,
            "9": 18.703277587890625,
            "10": 16.004362106323242,
            "11": 14.54781723022461,
            "12": 13.588495254516602,
            "13": 11.082690238952637,
            "14": 10.203524589538574,
            "15": 9.453042984008789,
            "16": 9.19349479675293,
            "17": 9.155130386352539,
            "18": 9.555059432983398
        },
        "test_loss": {
            "0": 1.0,
            "1": 1.0,
            "2": 1.0,
            "3": 1.0,
            "4": 1.0,
            "5": 1.0,
            "6": 1.0,
            "7": 1.0,
            "8": 1.0,
            "9": 1.0,
            "10": 1.0,
            "11": 1.0,
            "12": 1.0,
            "13": 1.0,
            "14": 1.0,
            "15": 1.0,
            "16": 1.0,
            "17": 1.0,
            "18": 1.0
        },
        "train_acc": {
            "0": 0.0,
            "1": 0.0,
            "2": 0.0,
            "3": 0.0,
            "4": 0.0,
            "5": 0.0,
            "6": 0.0,
            "7": 0.0,
            "8": 0.0,
            "9": 0.0,
            "10": 0.0,
            "11": 0.0,
            "12": 0.0,
            "13": 0.0,
            "14": 0.0,
            "15": 0.0,
            "16": 0.0,
            "17": 0.0,
            "18": 0.0
        },
        "test_acc": {
            "0": 0.5,
            "1": 0.5,
            "2": 0.5,
            "3": 0.5,
            "4": 0.5,
            "5": 0.5,
            "6": 0.5,
            "7": 0.75,
            "8": 1.0,
            "9": 1.0,
            "10": 1.0,
            "11": 1.0,
            "12": 1.0,
            "13": 1.0,
            "14": 1.0,
            "15": 1.0,
            "16": 1.0,
            "17": 1.0,
            "18": 1.0
        }
    }
}