{
    "FLOPs": 15880,
    "accuracies": [
        0.8936,
        0.8935,
        0.8935,
        0.8936,
        0.8935,
        0.8935,
        0.8936,
        0.8935,
        0.8939,
        0.8934
    ],
    "train_data": {
        "epoch": {
            "0": 0.0,
            "1": 0.0,
            "2": 0.0,
            "3": 0.0,
            "4": 0.0,
            "5": 0.0,
            "6": 0.0,
            "7": 0.0,
            "8": 0.0,
            "9": 0.0,
            "10": 0.0
        },
        "iteration": {
            "0": 0.0,
            "1": 50.0,
            "2": 100.0,
            "3": 150.0,
            "4": 200.0,
            "5": 250.0,
            "6": 300.0,
            "7": 350.0,
            "8": 400.0,
            "9": 450.0,
            "10": 467.0
        },
        "train_loss": {
            "0": 62.6480598449707,
            "1": 35.40637969970703,
            "2": 25.10187530517578,
            "3": 17.681734085083008,
            "4": 13.19242000579834,
            "5": 14.908116340637207,
            "6": 14.414243698120117,
            "7": 11.314165115356445,
            "8": 15.207740783691406,
            "9": 11.084773063659668,
            "10": 11.917651176452637
        },
        "test_loss": {
            "0": 59.91048812866211,
            "1": 35.7061767578125,
            "2": 23.807695388793945,
            "3": 17.596940994262695,
            "4": 14.787314414978027,
            "5": 14.335735321044922,
            "6": 14.595257759094238,
            "7": 11.422348976135254,
            "8": 10.323558807373047,
            "9": 11.960258483886719,
            "10": 15.3821439743042
        },
        "train_acc": {
            "0": 0.15625,
            "1": 0.7421875,
            "2": 0.8515625,
            "3": 0.8828125,
            "4": 0.875,
            "5": 0.890625,
            "6": 0.90625,
            "7": 0.921875,
            "8": 0.84375,
            "9": 0.9296875,
            "10": 0.9296875
        },
        "test_acc": {
            "0": 0.125,
            "1": 0.7265625,
            "2": 0.8125,
            "3": 0.875,
            "4": 0.8984375,
            "5": 0.875,
            "6": 0.8671875,
            "7": 0.90625,
            "8": 0.921875,
            "9": 0.8828125,
            "10": 0.84375
        }
    },
    "statistics_data": {
        "TP": {
            "0": 957,
            "1": 1114,
            "2": 927,
            "3": 868,
            "4": 873,
            "5": 734,
            "6": 865,
            "7": 935,
            "8": 772,
            "9": 890
        },
        "TN": {
            "0": 8889,
            "1": 8790,
            "2": 8831,
            "3": 8835,
            "4": 8902,
            "5": 8985,
            "6": 8975,
            "7": 8846,
            "8": 8937,
            "9": 8817
        },
        "FP": {
            "0": 117,
            "1": 61,
            "2": 122,
            "3": 141,
            "4": 103,
            "5": 109,
            "6": 51,
            "7": 113,
            "8": 73,
            "9": 159
        },
        "FN": {
            "0": 21,
            "1": 19,
            "2": 104,
            "3": 140,
            "4": 106,
            "5": 156,
            "6": 93,
            "7": 90,
            "8": 202,
            "9": 118
        },
        "Precision": {
            "0": 0.8910614525139665,
            "1": 0.9480851063829787,
            "2": 0.8836987607244995,
            "3": 0.8602576808721506,
            "4": 0.8944672131147541,
            "5": 0.8706998813760379,
            "6": 0.9443231441048034,
            "7": 0.892175572519084,
            "8": 0.9136094674556213,
            "9": 0.8484270734032412
        },
        "Recall": {
            "0": 0.9785276073619632,
            "1": 0.9832303618711385,
            "2": 0.8991270611057226,
            "3": 0.8611111111111112,
            "4": 0.891726251276813,
            "5": 0.8247191011235955,
            "6": 0.9029227557411273,
            "7": 0.9121951219512195,
            "8": 0.7926078028747433,
            "9": 0.8829365079365079
        },
        "F1 Score": {
            "0": 0.932748538011696,
            "1": 0.9653379549393414,
            "2": 0.8913461538461538,
            "3": 0.8606841844323253,
            "4": 0.8930946291560101,
            "5": 0.8470859780727064,
            "6": 0.9231590181430096,
            "7": 0.9020742884708153,
            "8": 0.8488180318856515,
            "9": 0.8653378706854642
        },
        "Test Accuracy": {
            "0": 0.9789863782051282,
            "1": NaN,
            "2": NaN,
            "3": NaN,
            "4": NaN,
            "5": NaN,
            "6": NaN,
            "7": NaN,
            "8": NaN,
            "9": NaN
        },
        "Test Loss": {
            "0": 15.3821439743042,
            "1": NaN,
            "2": NaN,
            "3": NaN,
            "4": NaN,
            "5": NaN,
            "6": NaN,
            "7": NaN,
            "8": NaN,
            "9": NaN
        }
    }
}